{
    "Version": "2012-10-17",
    "Statement": [
      {
        "Effect": "Allow",
        "Action": [
          "s3:GetObject",
          "s3:PutObject",
          "s3:ListBucket"
        ],
        "Resource": [
          "${aws_s3_bucket.textract_output.arn}",
          "${aws_s3_bucket.textract_output.arn}/*"
        ]
      },
      {
        "Effect": "Allow",
        "Action": [
          "sns:Publish"
        ],
        "Resource": [
          "${aws_sns_topic.textract_completion.arn}"
        ]
      }
    ]
  }
  